INSERT INTO empleados (nombre, apellido, rol, correo_personal, correo_empresarial, clave, telefono, fecha_ingreso) VALUES
('Juan', 'Pérez', 'Administrador', 'juan.perez@gmail.com', 'jperez@empresa.com', 'clave123', 5523456789, '2023-01-10'),
('María', 'López', 'Telefonista', 'maria.lopez@gmail.com', 'mlopez@empresa.com', 'clave456', 5512345678, '2023-03-15'),
('Pedro', 'González', 'Telefonista', 'pedro.gonzalez@gmail.com', 'pgonzalez@empresa.com', 'clave789', 5543218765, '2023-06-20'),
('Laura', 'Fernández', 'Telefonista', 'laura.fernandez@gmail.com', 'lfernandez@empresa.com', 'clave159', 5532147896, '2023-07-11'),
('Jorge', 'Díaz', 'Supervisor', 'jorge.diaz@gmail.com', 'jdiaz@empresa.com', 'clave321', 5529876543, '2023-08-14');

INSERT INTO clientes (dni, nombre, apellido, correo, telefono, estado) VALUES
(454545, 'Ana', 'Martínez', 'ana.martinez@asdfg.com', '5512345678', 'Activo'),
(234567, 'Luis', 'Gómez', 'luis.gomez@asdfg.com', '5523456789', 'Inactivo'),
(345678, 'María', 'López', 'maria.lopez@asdfg.com', '5534567890', 'Activo'),
(456789, 'Carlos', 'Fernández', 'carlos.fernandez@asdfg.com', '5545678901', 'Activo'),
(567890, 'Elena', 'Pérez', 'elena.perez@asdfg.com', '5556789012', 'Inactivo'),
(678901, 'Javier', 'Rodríguez', 'javier.rodriguez@asdfg.com', '5567890123', 'Activo'),
(789012, 'Paula', 'Sánchez', 'paula.sanchez@asdfg.com', '5578901234', 'Activo'),
(890123, 'Fernando', 'Torres', 'fernando.torres@asdfg.com', '5589012345', 'Inactivo'),
(901234, 'Laura', 'Ramírez', 'laura.ramirez@asdfg.com', '5590123456', 'Activo'),
(123457, 'Diego', 'Hernández', 'diego.hernandez@asdfg.com', '5511122233', 'Activo'),
(234568, 'Andrea', 'Díaz', 'andrea.diaz@asdfg.com', '5522233344', 'Inactivo'),
(345679, 'Gabriel', 'Castro', 'gabriel.castro@asdfg.com', '5533344455', 'Activo'),
(456780, 'Silvia', 'Ortiz', 'silvia.ortiz@asdfg.com', '5544455566', 'Activo'),
(567891, 'Roberto', 'Vega', 'roberto.vega@asdfg.com', '5555566677', 'Inactivo'),
(678902, 'Patricia', 'Molina', 'patricia.molina@asdfg.com', '5566677788', 'Activo'),
(789013, 'Hugo', 'Navarro', 'hugo.navarro@asdfg.com', '5577788899', 'Activo'),
(890124, 'Verónica', 'Ríos', 'veronica.rios@asdfg.com', '5588899900', 'Inactivo'),
(901235, 'Manuel', 'Cruz', 'manuel.cruz@asdfg.com', '5599900112', 'Activo'),
(112233, 'Carmen', 'Jiménez', 'carmen.jimenez@asdfg.com', '5500112233', 'Activo'),
(223344, 'Ricardo', 'Ferrer', 'ricardo.ferrer@asdfg.com', '5511223344', 'Inactivo');

INSERT INTO cliente_servicio (id_cliente, id_servicio, monto, fecha_alta) VALUES
(5, 2, 299.99, '2023-01-15'),
(12, 1, 499.99, '2023-02-10'),
(7, 3, 199.99, '2023-03-05'),
(18, 2, 399.99, '2023-04-20'),
(3, 1, 599.99, '2023-05-11'),
(21, 3, 249.99, '2023-06-30'),
(9, 2, 349.99, '2023-07-25'),
(16, 1, 449.99, '2023-08-12'),
(4, 3, 199.99, '2023-09-18'),
(22, 2, 299.99, '2023-10-22'),
(11, 1, 399.99, '2023-11-07'),
(8, 3, 499.99, '2023-12-15'),
(2, 2, 599.99, '2024-01-01'),
(19, 1, 299.99, '2024-02-14'),
(14, 3, 349.99, '2024-03-09'),
(6, 2, 199.99, '2024-04-05'),
(20, 1, 449.99, '2024-05-21'),
(17, 3, 399.99, '2024-06-30'),
(1, 2, 249.99, '2024-07-19'),
(2, 1, 599.99, '2024-08-14'),
(10, 3, 299.99, '2024-09-08'),
(15, 2, 199.99, '2024-10-31'),
(13, 1, 349.99, '2024-11-27'),
(23, 3, 399.99, '2024-12-20'),
(7, 2, 449.99, '2025-01-10'),
(12, 3, 299.99, '2025-02-18'),
(5, 1, 199.99, '2025-03-22'),
(16, 2, 599.99, '2025-04-15'),
(9, 3, 399.99, '2025-05-28'),
(18, 1, 499.99, '2025-06-30');

INSERT INTO historial_de_pagos (fecha_pago, fecha_vencimiento, monto_pagado, id_cliente_servicio) VALUES
(DATEADD('DAY', 362, DATE '2024-01-01'), DATEADD('DAY', 328, DATE '2024-01-01'), 142.71, 25),
(DATEADD('DAY', 178, DATE '2024-01-01'), DATEADD('DAY', 339, DATE '2024-01-01'), 144.99, 18),
(DATEADD('DAY', 172, DATE '2024-01-01'), DATEADD('DAY', 250, DATE '2024-01-01'), 208.41, 1),
(DATEADD('DAY', 266, DATE '2024-01-01'), DATEADD('DAY', 62, DATE '2024-01-01'), 596.47, 10),
(DATEADD('DAY', 114, DATE '2024-01-01'), DATEADD('DAY', 44, DATE '2024-01-01'), 809.6, 29),
(DATEADD('DAY', 79, DATE '2024-01-01'), DATEADD('DAY', 222, DATE '2024-01-01'), 425.94, 6),
(DATEADD('DAY', 60, DATE '2024-01-01'), DATEADD('DAY', 303, DATE '2024-01-01'), 21.36, 24),
(DATEADD('DAY', 53, DATE '2024-01-01'), DATEADD('DAY', 359, DATE '2024-01-01'), 316.02, 14),
(DATEADD('DAY', 8, DATE '2024-01-01'), DATEADD('DAY', 211, DATE '2024-01-01'), 104.87, 22),
(DATEADD('DAY', 347, DATE '2024-01-01'), DATEADD('DAY', 368, DATE '2024-01-01'), 24.98, 18),
(DATEADD('DAY', 347, DATE '2024-01-01'), DATEADD('DAY', 104, DATE '2024-01-01'), 695.82, 8),
(DATEADD('DAY', 9, DATE '2024-01-01'), DATEADD('DAY', 234, DATE '2024-01-01'), 107.19, 23),
(DATEADD('DAY', 259, DATE '2024-01-01'), DATEADD('DAY', 32, DATE '2024-01-01'), 415.43, 25),
(DATEADD('DAY', 99, DATE '2024-01-01'), DATEADD('DAY', 192, DATE '2024-01-01'), 964.74, 19),
(DATEADD('DAY', 278, DATE '2024-01-01'), DATEADD('DAY', 295, DATE '2024-01-01'), 240.15, 2),
(DATEADD('DAY', 177, DATE '2024-01-01'), DATEADD('DAY', 370, DATE '2024-01-01'), 557.27, 27),
(DATEADD('DAY', 332, DATE '2024-01-01'), DATEADD('DAY', 44, DATE '2024-01-01'), 630.24, 21),
(DATEADD('DAY', 292, DATE '2024-01-01'), DATEADD('DAY', 251, DATE '2024-01-01'), 256.35, 11),
(DATEADD('DAY', 35, DATE '2024-01-01'), DATEADD('DAY', 190, DATE '2024-01-01'), 501.34, 29),
(DATEADD('DAY', 143, DATE '2024-01-01'), DATEADD('DAY', 278, DATE '2024-01-01'), 423.07, 23),
(DATEADD('DAY', 124, DATE '2024-01-01'), DATEADD('DAY', 79, DATE '2024-01-01'), 331.13, 9),
(DATEADD('DAY', 326, DATE '2024-01-01'), DATEADD('DAY', 199, DATE '2024-01-01'), 937.57, 8),
(DATEADD('DAY', 227, DATE '2024-01-01'), DATEADD('DAY', 369, DATE '2024-01-01'), 688.75, 21),
(DATEADD('DAY', 358, DATE '2024-01-01'), DATEADD('DAY', 355, DATE '2024-01-01'), 34.88, 5),
(DATEADD('DAY', 11, DATE '2024-01-01'), DATEADD('DAY', 269, DATE '2024-01-01'), 818.39, 26),
(DATEADD('DAY', 47, DATE '2024-01-01'), DATEADD('DAY', 319, DATE '2024-01-01'), 117.72, 21),
(DATEADD('DAY', 200, DATE '2024-01-01'), DATEADD('DAY', 245, DATE '2024-01-01'), 920.04, 18),
(DATEADD('DAY', 34, DATE '2024-01-01'), DATEADD('DAY', 295, DATE '2024-01-01'), 13.35, 11),
(DATEADD('DAY', 315, DATE '2024-01-01'), DATEADD('DAY', 255, DATE '2024-01-01'), 424.54, 10),
(DATEADD('DAY', 114, DATE '2024-01-01'), DATEADD('DAY', 178, DATE '2024-01-01'), 674.31, 16),
(DATEADD('DAY', 357, DATE '2024-01-01'), DATEADD('DAY', 334, DATE '2024-01-01'), 204.12, 25),
(DATEADD('DAY', 123, DATE '2024-01-01'), DATEADD('DAY', 56, DATE '2024-01-01'), 379.3, 15),
(DATEADD('DAY', 169, DATE '2024-01-01'), DATEADD('DAY', 190, DATE '2024-01-01'), 207.36, 27),
(DATEADD('DAY', 97, DATE '2024-01-01'), DATEADD('DAY', 99, DATE '2024-01-01'), 797.07, 11),
(DATEADD('DAY', 93, DATE '2024-01-01'), DATEADD('DAY', 295, DATE '2024-01-01'), 705.97, 26),
(DATEADD('DAY', 262, DATE '2024-01-01'), DATEADD('DAY', 321, DATE '2024-01-01'), 23.57, 6),
(DATEADD('DAY', 245, DATE '2024-01-01'), DATEADD('DAY', 109, DATE '2024-01-01'), 685.23, 19),
(DATEADD('DAY', 20, DATE '2024-01-01'), DATEADD('DAY', 79, DATE '2024-01-01'), 641.31, 6),
(DATEADD('DAY', 332, DATE '2024-01-01'), DATEADD('DAY', 138, DATE '2024-01-01'), 762.92, 21),
(DATEADD('DAY', 333, DATE '2024-01-01'), DATEADD('DAY', 248, DATE '2024-01-01'), 166.66, 24),
(DATEADD('DAY', 258, DATE '2024-01-01'), DATEADD('DAY', 342, DATE '2024-01-01'), 862.57, 24),
(DATEADD('DAY', 22, DATE '2024-01-01'), DATEADD('DAY', 164, DATE '2024-01-01'), 164.95, 15),
(DATEADD('DAY', 114, DATE '2024-01-01'), DATEADD('DAY', 372, DATE '2024-01-01'), 222.99, 13),
(DATEADD('DAY', 150, DATE '2024-01-01'), DATEADD('DAY', 231, DATE '2024-01-01'), 213.31, 17),
(DATEADD('DAY', 221, DATE '2024-01-01'), DATEADD('DAY', 43, DATE '2024-01-01'), 136.72, 6),
(DATEADD('DAY', 166, DATE '2024-01-01'), DATEADD('DAY', 309, DATE '2024-01-01'), 199.42, 12),
(DATEADD('DAY', 299, DATE '2024-01-01'), DATEADD('DAY', 87, DATE '2024-01-01'), 890.87, 22),
(DATEADD('DAY', 20, DATE '2024-01-01'), DATEADD('DAY', 95, DATE '2024-01-01'), 160.56, 28),
(DATEADD('DAY', 354, DATE '2024-01-01'), DATEADD('DAY', 168, DATE '2024-01-01'), 566.33, 2),
(DATEADD('DAY', 93, DATE '2024-01-01'), DATEADD('DAY', 87, DATE '2024-01-01'), 492.58, 8),
(DATEADD('DAY', 265, DATE '2024-01-01'), DATEADD('DAY', 219, DATE '2024-01-01'), 33.82, 28),
(DATEADD('DAY', 252, DATE '2024-01-01'), DATEADD('DAY', 348, DATE '2024-01-01'), 838.01, 13),
(DATEADD('DAY', 291, DATE '2024-01-01'), DATEADD('DAY', 280, DATE '2024-01-01'), 708.28, 14),
(DATEADD('DAY', 279, DATE '2024-01-01'), DATEADD('DAY', 171, DATE '2024-01-01'), 509.55, 17),
(DATEADD('DAY', 340, DATE '2024-01-01'), DATEADD('DAY', 275, DATE '2024-01-01'), 795.23, 19),
(DATEADD('DAY', 137, DATE '2024-01-01'), DATEADD('DAY', 163, DATE '2024-01-01'), 422.03, 6),
(DATEADD('DAY', 131, DATE '2024-01-01'), DATEADD('DAY', 325, DATE '2024-01-01'), 314.34, 19),
(DATEADD('DAY', 167, DATE '2024-01-01'), DATEADD('DAY', 225, DATE '2024-01-01'), 694.78, 27),
(DATEADD('DAY', 344, DATE '2024-01-01'), DATEADD('DAY', 313, DATE '2024-01-01'), 796.29, 2),
(DATEADD('DAY', 265, DATE '2024-01-01'), DATEADD('DAY', 358, DATE '2024-01-01'), 874.21, 6),
(DATEADD('DAY', 69, DATE '2024-01-01'), DATEADD('DAY', 357, DATE '2024-01-01'), 225.05, 15),
(DATEADD('DAY', 256, DATE '2024-01-01'), DATEADD('DAY', 123, DATE '2024-01-01'), 935.43, 28),
(DATEADD('DAY', 261, DATE '2024-01-01'), DATEADD('DAY', 201, DATE '2024-01-01'), 72.25, 24),
(DATEADD('DAY', 159, DATE '2024-01-01'), DATEADD('DAY', 70, DATE '2024-01-01'), 263.69, 15),
(DATEADD('DAY', 254, DATE '2024-01-01'), DATEADD('DAY', 151, DATE '2024-01-01'), 153.77, 1),
(DATEADD('DAY', 146, DATE '2024-01-01'), DATEADD('DAY', 152, DATE '2024-01-01'), 715.07, 16),
(DATEADD('DAY', 231, DATE '2024-01-01'), DATEADD('DAY', 275, DATE '2024-01-01'), 57.31, 3),
(DATEADD('DAY', 173, DATE '2024-01-01'), DATEADD('DAY', 199, DATE '2024-01-01'), 72.74, 4),
(DATEADD('DAY', 129, DATE '2024-01-01'), DATEADD('DAY', 22, DATE '2024-01-01'), 976.12, 8),
(DATEADD('DAY', 361, DATE '2024-01-01'), DATEADD('DAY', 35, DATE '2024-01-01'), 418.19, 22),
(DATEADD('DAY', 44, DATE '2024-01-01'), DATEADD('DAY', 154, DATE '2024-01-01'), 786.48, 27),
(DATEADD('DAY', 61, DATE '2024-01-01'), DATEADD('DAY', 313, DATE '2024-01-01'), 115.76, 4),
(DATEADD('DAY', 164, DATE '2024-01-01'), DATEADD('DAY', 110, DATE '2024-01-01'), 865.2, 16),
(DATEADD('DAY', 67, DATE '2024-01-01'), DATEADD('DAY', 374, DATE '2024-01-01'), 585.95, 15),
(DATEADD('DAY', 19, DATE '2024-01-01'), DATEADD('DAY', 334, DATE '2024-01-01'), 483.14, 23),
(DATEADD('DAY', 275, DATE '2024-01-01'), DATEADD('DAY', 367, DATE '2024-01-01'), 342.26, 27),
(DATEADD('DAY', 205, DATE '2024-01-01'), DATEADD('DAY', 29, DATE '2024-01-01'), 696.97, 28),
(DATEADD('DAY', 316, DATE '2024-01-01'), DATEADD('DAY', 163, DATE '2024-01-01'), 741.31, 9),
(DATEADD('DAY', 170, DATE '2024-01-01'), DATEADD('DAY', 341, DATE '2024-01-01'), 81.91, 8),
(DATEADD('DAY', 338, DATE '2024-01-01'), DATEADD('DAY', 49, DATE '2024-01-01'), 330.49, 26),
(DATEADD('DAY', 186, DATE '2024-01-01'), DATEADD('DAY', 78, DATE '2024-01-01'), 268.79, 5),
(DATEADD('DAY', 134, DATE '2024-01-01'), DATEADD('DAY', 314, DATE '2024-01-01'), 767.89, 6),
(DATEADD('DAY', 16, DATE '2024-01-01'), DATEADD('DAY', 324, DATE '2024-01-01'), 721.69, 9),
(DATEADD('DAY', 290, DATE '2024-01-01'), DATEADD('DAY', 374, DATE '2024-01-01'), 899.74, 22),
(DATEADD('DAY', 267, DATE '2024-01-01'), DATEADD('DAY', 241, DATE '2024-01-01'), 283.44, 4),
(DATEADD('DAY', 96, DATE '2024-01-01'), DATEADD('DAY', 157, DATE '2024-01-01'), 584.29, 6),
(DATEADD('DAY', 353, DATE '2024-01-01'), DATEADD('DAY', 88, DATE '2024-01-01'), 33.49, 27),
(DATEADD('DAY', 296, DATE '2024-01-01'), DATEADD('DAY', 341, DATE '2024-01-01'), 220.78, 17),
(DATEADD('DAY', 276, DATE '2024-01-01'), DATEADD('DAY', 26, DATE '2024-01-01'), 693.09, 3),
(DATEADD('DAY', 152, DATE '2024-01-01'), DATEADD('DAY', 160, DATE '2024-01-01'), 37.7, 3),
(DATEADD('DAY', 90, DATE '2024-01-01'), DATEADD('DAY', 198, DATE '2024-01-01'), 48.99, 11),
(DATEADD('DAY', 118, DATE '2024-01-01'), DATEADD('DAY', 114, DATE '2024-01-01'), 519.33, 12),
(DATEADD('DAY', 27, DATE '2024-01-01'), DATEADD('DAY', 304, DATE '2024-01-01'), 719.19, 14),
(DATEADD('DAY', 69, DATE '2024-01-01'), DATEADD('DAY', 68, DATE '2024-01-01'), 666.92, 13),
(DATEADD('DAY', 331, DATE '2024-01-01'), DATEADD('DAY', 100, DATE '2024-01-01'), 729.67, 28),
(DATEADD('DAY', 262, DATE '2024-01-01'), DATEADD('DAY', 320, DATE '2024-01-01'), 230.28, 27),
(DATEADD('DAY', 295, DATE '2024-01-01'), DATEADD('DAY', 18, DATE '2024-01-01'), 234.07, 19),
(DATEADD('DAY', 326, DATE '2024-01-01'), DATEADD('DAY', 291, DATE '2024-01-01'), 878.43, 15),
(DATEADD('DAY', 131, DATE '2024-01-01'), DATEADD('DAY', 33, DATE '2024-01-01'), 261.67, 14),
(DATEADD('DAY', 123, DATE '2024-01-01'), DATEADD('DAY', 128, DATE '2024-01-01'), 909.82, 10);


INSERT INTO incidencias (id_cliente, id_servicio, fecha_de_alta, descripcion)
VALUES
    (1, 2, '2025-01-01', 'Primera incidencia de prueba'),
    (2, 1, '2025-01-02', 'Segunda incidencia de prueba'),
    (3, 3, '2025-01-03', 'Tercera incidencia de prueba'),
    (4, 2, '2025-01-04', 'Cuarta incidencia de prueba'),
    (5, 1, '2025-01-05', 'Quinta incidencia de prueba'),
    (6, 3, '2025-01-06', 'Sexta incidencia de prueba'),
    (7, 2, '2025-01-07', 'Séptima incidencia de prueba'),
    (8, 1, '2025-01-08', 'Octava incidencia de prueba'),
    (9, 3, '2025-01-09', 'Novena incidencia de prueba'),
    (10, 2, '2025-01-10', 'Décima incidencia de prueba'),
    (11, 1, '2025-01-11', 'Incidencia número 11'),
    (12, 3, '2025-01-12', 'Incidencia número 12'),
    (13, 2, '2025-01-13', 'Incidencia número 13'),
    (14, 1, '2025-01-14', 'Incidencia número 14'),
    (15, 3, '2025-01-15', 'Incidencia número 15'),
    (16, 2, '2025-01-16', 'Incidencia número 16'),
    (17, 1, '2025-01-17', 'Incidencia número 17'),
    (18, 3, '2025-01-18', 'Incidencia número 18'),
    (19, 2, '2025-01-19', 'Incidencia número 19'),
    (20, 1, '2025-01-20', 'Incidencia número 20');

    INSERT INTO detalle_de_incidencias (id_incidencia, id_empleado, prioridad, estado, fecha_de_modificacion, descripcion)
    VALUES
        (FLOOR(RAND() * 20) + 1, FLOOR(RAND() * 8) + 1, FLOOR(RAND() * 3) + 1, 'Abierto', DATEADD('DAY', FLOOR(RAND() * 365), DATE '2025-01-01'), 'Detalle aleatorio 1'),
        (FLOOR(RAND() * 20) + 1, FLOOR(RAND() * 8) + 1, FLOOR(RAND() * 3) + 1, 'En Progreso', DATEADD('DAY', FLOOR(RAND() * 365), DATE '2025-01-01'), 'Detalle aleatorio 2'),
        (FLOOR(RAND() * 20) + 1, FLOOR(RAND() * 8) + 1, FLOOR(RAND() * 3) + 1, 'Cerrado', DATEADD('DAY', FLOOR(RAND() * 365), DATE '2025-01-01'), 'Detalle aleatorio 3'),
        (FLOOR(RAND() * 20) + 1, FLOOR(RAND() * 8) + 1, FLOOR(RAND() * 3) + 1, 'Abierto', DATEADD('DAY', FLOOR(RAND() * 365), DATE '2025-01-01'), 'Detalle aleatorio 4'),
        (FLOOR(RAND() * 20) + 1, FLOOR(RAND() * 8) + 1, FLOOR(RAND() * 3) + 1, 'En Progreso', DATEADD('DAY', FLOOR(RAND() * 365), DATE '2025-01-01'), 'Detalle aleatorio 5'),
        (FLOOR(RAND() * 20) + 1, FLOOR(RAND() * 8) + 1, FLOOR(RAND() * 3) + 1, 'Cerrado', DATEADD('DAY', FLOOR(RAND() * 365), DATE '2025-01-01'), 'Detalle aleatorio 6'),
        (FLOOR(RAND() * 20) + 1, FLOOR(RAND() * 8) + 1, FLOOR(RAND() * 3) + 1, 'Abierto', DATEADD('DAY', FLOOR(RAND() * 365), DATE '2025-01-01'), 'Detalle aleatorio 7'),
        (FLOOR(RAND() * 20) + 1, FLOOR(RAND() * 8) + 1, FLOOR(RAND() * 3) + 1, 'En Progreso', DATEADD('DAY', FLOOR(RAND() * 365), DATE '2025-01-01'), 'Detalle aleatorio 8'),
        (FLOOR(RAND() * 20) + 1, FLOOR(RAND() * 8) + 1, FLOOR(RAND() * 3) + 1, 'Cerrado', DATEADD('DAY', FLOOR(RAND() * 365), DATE '2025-01-01'), 'Detalle aleatorio 9'),
        (FLOOR(RAND() * 20) + 1, FLOOR(RAND() * 8) + 1, FLOOR(RAND() * 3) + 1, 'Abierto', DATEADD('DAY', FLOOR(RAND() * 365), DATE '2025-01-01'), 'Detalle aleatorio 10'),
        (FLOOR(RAND() * 20) + 1, FLOOR(RAND() * 8) + 1, FLOOR(RAND() * 3) + 1, 'En Progreso', DATEADD('DAY', FLOOR(RAND() * 365), DATE '2025-01-01'), 'Detalle aleatorio 11'),
        (FLOOR(RAND() * 20) + 1, FLOOR(RAND() * 8) + 1, FLOOR(RAND() * 3) + 1, 'Cerrado', DATEADD('DAY', FLOOR(RAND() * 365), DATE '2025-01-01'), 'Detalle aleatorio 12'),
        (FLOOR(RAND() * 20) + 1, FLOOR(RAND() * 8) + 1, FLOOR(RAND() * 3) + 1, 'Abierto', DATEADD('DAY', FLOOR(RAND() * 365), DATE '2025-01-01'), 'Detalle aleatorio 13'),
        (FLOOR(RAND() * 20) + 1, FLOOR(RAND() * 8) + 1, FLOOR(RAND() * 3) + 1, 'En Progreso', DATEADD('DAY', FLOOR(RAND() * 365), DATE '2025-01-01'), 'Detalle aleatorio 14'),
        (FLOOR(RAND() * 20) + 1, FLOOR(RAND() * 8) + 1, FLOOR(RAND() * 3) + 1, 'Cerrado', DATEADD('DAY', FLOOR(RAND() * 365), DATE '2025-01-01'), 'Detalle aleatorio 15'),
        (FLOOR(RAND() * 20) + 1, FLOOR(RAND() * 8) + 1, FLOOR(RAND() * 3) + 1, 'Abierto', DATEADD('DAY', FLOOR(RAND() * 365), DATE '2025-01-01'), 'Detalle aleatorio 16'),
        (FLOOR(RAND() * 20) + 1, FLOOR(RAND() * 8) + 1, FLOOR(RAND() * 3) + 1, 'En Progreso', DATEADD('DAY', FLOOR(RAND() * 365), DATE '2025-01-01'), 'Detalle aleatorio 17'),
        (FLOOR(RAND() * 20) + 1, FLOOR(RAND() * 8) + 1, FLOOR(RAND() * 3) + 1, 'Cerrado', DATEADD('DAY', FLOOR(RAND() * 365), DATE '2025-01-01'), 'Detalle aleatorio 18'),
        (FLOOR(RAND() * 20) + 1, FLOOR(RAND() * 8) + 1, FLOOR(RAND() * 3) + 1, 'Abierto', DATEADD('DAY', FLOOR(RAND() * 365), DATE '2025-01-01'), 'Detalle aleatorio 19'),
        (FLOOR(RAND() * 20) + 1, FLOOR(RAND() * 8) + 1, FLOOR(RAND() * 3) + 1, 'En Progreso', DATEADD('DAY', FLOOR(RAND() * 365), DATE '2025-01-01'), 'Detalle aleatorio 20');